{"real": [0.0008021893013046642, 0.0007519423483958714, 0.0007410235807407234, 0.0007289505820170624, 0.0007296547571425178, 0.0007167862063499907, 0.0007034842243556095, 0.0005938514954342298, 0.0007179610007390115, 0.0007043417162973056, 0.0006903371674061342, 0.0005761499626659682, 0.0006760683368496241, 0.0005572560346445326, 0.0005371125786486508, 0.00051567776492171, 0.0006782175413099221, 0.0005961974666203314, 0.0005812425010418068, 0.0005651877261420613, 0.00056613805104012, 0.0005494681008639937, 0.0005326702763498784, 0.00040465015822512164, 0.0005509904902440431, 0.0005337457648791934, 0.0005164161323259198, 0.00038512331079899246, 0.000499103541048948, 0.00036453369911093066, 0.000342855162195284, 0.0003200762587923889, 0.0006327925483305022, 0.0005613924798107744, 0.0005481812757661759, 0.0005339599963837219, 0.0005348006453877632, 0.0005199979468661224, 0.0005050450051922749, 0.00039018021066327123, 0.0005213497615732206, 0.0005060030129369024, 0.0004905458195066848, 0.00037255258497294964, 0.00047507334529298015, 0.00035394046093545996, 0.0003343165587900243, 0.0003136671015859937, 0.0005423565252120556, 0.0004270122290786775, 0.0004078505495967427, 0.0003876533919090655, 0.00038886004170288923, 0.0003682432111552372, 0.0003478243398877064, 0.00020099023784128775, 0.000370126509164043, 0.000349125468884912, 0.0003283595718614086, 0.00017963559764709496, 0.00030790991955903296, 0.0001573623237672998, 0.00013417735946100043, 0.00011010166108361913, 0.0006305974112887369, 0.0005606274220309299, 0.0005476332115401771, 0.0005336361365087119, 0.0005344632538269935, 0.0005198850591143043, 0.0005051500078958781, 0.0003917402257074833, 0.0005212163601999664, 0.0005060942101973141, 0.0004908547968760429, 0.00037431014457970047, 0.000475592964216358, 0.0003559006144229033, 0.0003364837879417728, 0.0003160452205289218, 0.000372918717266489, 0.00023600730245877715, 0.00021449344175094142, 0.00019208701165359993, 0.0001934338392808112, 0.00017082251505652274, 0.00014869487394608485, -3.737920606174524e-06, 0.00017288834835877363, 0.00015010016787114528, 0.0001278245072581902, -2.506580166150396e-05, 0.00010611663946486276, -4.710493419693582e-05, -6.981828577790561e-05, -9.315659303944409e-05, 0.0006150385406105489, 0.0005456546837781697, 0.0003249732627465517, 0.0003049046864879116], "imag": [0.00012779289630193035, 0.0003057615930213379, 0.0003309438052582365, 0.00035652517994262363, 0.00035496769646814057, 0.0003801522034054325, 0.00040414550397607974, 0.0005528602260710205, 0.00037785043724749927, 0.00040263341964177685, 0.0004262223131573591, 0.0005714931910982033, 0.0004486379780934003, 0.0005901932252286356, 0.0006088470777718353, 0.000627335555500933, 0.00028291912714926965, 0.00042872916297192657, 0.00044855120272367584, 0.00046847884441462783, 0.00046725901666274945, 0.0004866685455670967, 0.0005049384661558194, 0.0006123991350306942, 0.00048489430483982296, 0.0005037911546167775, 0.0005215561017765116, 0.0006250202132472866, 0.0005382332105752427, 0.0006374467609976053, 0.0006495670473488544, 0.00066126736938373, 0.0002412956796390995, 0.0003779433684604589, 0.000396628188609436, 0.0004154416024768118, 0.0004142909033951643, 0.00043264457915107675, 0.00044995215322023055, 0.0005525844979486297, 0.0004309668953715758, 0.00044886468772887514, 0.00046572225288518063, 0.0005647663898892622, 0.00048157727718262864, 0.0005767993555117927, 0.0005885812195415495, 0.0006000075710511321, 0.00044630555248488367, 0.000557048953576028, 0.0005710523278368264, 0.0005848483637331352, 0.0005839949051694961, 0.0005971468637803149, 0.000609220773748274, 0.0006721623504632638, 0.0005959442389858988, 0.0006084682575621021, 0.0006199331530680829, 0.0006783135034597555, 0.0006304074190831186, 0.0006839929443597114, 0.0006890912124650804, 0.0006935011109456323, 0.0002352289804273452, 0.0003715418523928527, 0.000390205770041079, 0.00040900476948698826, 0.0004078551625718678, 0.00042620147870695973, 0.0004435092842532326, 0.0005463320071798869, 0.0004245244768900042, 0.0004424216708220033, 0.0004592859049539493, 0.000558565312385818, 0.00047515394457382337, 0.0005706577210622113, 0.0005825078903248336, 0.0005940121581166644, 0.0005616442771250028, 0.0006310085165814163, 0.000638497738239278, 0.0006455065893684506, 0.0006450610164682866, 0.0006513610166280408, 0.0006567267378475374, 0.0006733858193180754, 0.0006507844021582501, 0.0006564002990767561, 0.0006611097066364772, 0.0006730519436775658, 0.0006649982218336621, 0.0006720277100897215, 0.0006702145706804868, 0.0006675199807890739, 0.00023446838439722541, 0.00036728373045480367, 0.0005720234133135347, 0.0005831304695737721], "top_indices": [0, 3, 5, 6, 9, 10, 12, 15, 17, 18, 20, 23, 24, 27, 29, 30, 32, 35, 37, 38, 41, 42, 44, 47, 49, 50, 52, 55, 56, 59, 61, 62, 64, 67, 69, 70, 73, 74, 76, 79, 81, 82, 84, 87, 88, 91, 93, 94, 96, 99, 101, 102, 105, 106, 108, 111, 113, 114, 116, 119, 120, 123, 125, 126, 128, 131, 133, 134, 137, 138, 140, 143, 145, 146, 148, 151, 152, 155, 157, 158, 224, 227, 229, 230, 233, 234, 236, 239, 241, 242, 244, 247, 248, 251, 253, 254, 256, 259, 285, 286]}